C0001,ADAMS AVIATION SUPPLY CO. LTD,UK
C0002,AEM LIMITED,UK
C0003,AEROSPHERES UK LTD,UK
C0004,AEROSTOCKS LTD,UK
C0005,AIRBORNE SYSTEMS LTD,UK
C0006,AIRBUS OPERATIONS GMBH,USA
C0007,BALLONFABRIK SEE-UND,UK
C0008,BOC AVIATION (CAYMAN) LIMITED,UK
C0009,BRISTOW HELICOPTERS LTD,UK
C0010,BRITISH AIRWAYS (B>CAL.DIV.,UK
C0011,BRITISH AIRWAYS PLC,UK
C0012,CATHAY PACIFIC AIRWAYS LTD,UK
C0013,CRUISE LOCH LOMOND LTD,UK
C0014,DAECO LTD,USA
C0015,DAEWOO SHIPBUILDING AND MARINE,UK
C0016,DEUTSCHE SCHLAUCHBOOT,GRM
C0017,EMIRATES,UAE
C0018,EUROCOPTER UK LTD,UK
C0019,EUROVINIL SPA,UK
C0020,FPT INDUSTRIES LTD,UK
C0021,G.Q. DEFENCE - MANUFACTURING,UK
C0022,GRINDROD MARINE SERVICES -,UK
C0023,HANJIN HEAVY INDUSTRIES,UK
C0024,HELI-ONE (NORWAY) AS,UK
C0025,HYUNDAI HEAVY INDUSTRIES LTD.,UK
C0026,L. ADAMS LTD,UK
C0027,LIDER,UK
C0028,MARITA HELLAS SA,UK
C0029,OCEAN AIR LTD,UK
C0030,PRINCESS CRUISES,UK
C0031,R.F.D. LIMITED,UK
C0032,RFD (NEW ZEALAND) LTD,NZ
C0033,RFD BEAUFORT LTD,UK
C0034,RFD JAPAN LIMITED,UK
C0035,RFD LTD,USA
C0036,RFD WALES,UK
C0037,SAKO TRADING COMPANY,JPN
C0038,SERVICE ONE ACCOUNT,UK
C0039,SKY WHEELS GROUP LTD,UK
C0040,SMBC AVAITION CAPITAL LIMITED,UK
C0041,SMS SOLUTION CO.,UK
C0042,SODIP S.A.R.L.,UK
C0043,SPP SHIPBUILDING CO.,USA
C0044,SS&D T/A CREWSAVER,UK
C0045,SURVITEC BARCELONA,SPN
C0046,SURVITEC DUNMURRY,UK
C0047,SURVITEC GLOBAL SOLUTIONS LTD,UK
C0048,SURVITEC HONG KONG,CN
C0049,SURVITEC JACKSONVILLE,UK
C0050,SURVITEC SERV. & DISTRIB. LTD,UK
C0051,TECHTOOLS (MORDEN) LTD,UK
C0052,UNITOR SHIPS SERVICE BV,UK
C0053,W H BRENNAN,UK
C0054,W.H.BRENNAN & CO PTE LTD,UK
,,
,,
,,
,,
,,
,,
,,
,,
,,
,,
,,
,,
,,
,,
,,
,,
,,
,,
,,
,,
,,
,,
,,
,,
,,
,,
,,
,,
,,
,,
,,
,,
,,
,,
,,
3333,,